﻿Designator,Footprint,Quantity,Value,LCSC Part #
BT1,BAT_MS621FE-FL11E,1,MS621FE-FL11E,
"C100, C113, C114",0402,3,1u,
"C101, C102",1206,2,22u,
C103,0402,1,22n,
"C104, C108, C109, C201, C203, C204, C22, C25, C27, C38, C39, C41, C42, C43, C44, C45",0402,16,100n,
"C105, C106, C107",0805,3,22u,
"C110, C112, C202",0402,3,10u,
C111,0805,1,4u7,
C115,0603,1,100n,
C200,0402,1,22u,
D1,NHB2020RGBAHF,1,NH-B2020RGBA-HF,
D101,MMSZ5252B,1,MMSZ5242B,
D4,0603,1,LED,
D503490,0402,1,~,
"J1, J2",SMA_Connector,2,~,
J10,532617006,1,532617006,
J100,XT30PWM,1,XT30PW-M,
J101,USB_C_Receptacle_GCT_USB4105-xx-A_16P_TopMnt_Horizontal,1,USB_C_Receptacle_USB2.0_16P,
"J3, J6",532617004,2,532617004,
J4,TFCARDH18,1,TF-CARD_H1.8,
J400,TerminalBlock_MetzConnect_Type086_RT03404HBLC_1x04_P3.81mm_Horizontal,1,Screw_Terminal_01x04,
J5,SAMTEC_TSW-108-07-G-T,1,TSW-108-07-G-T,
L100,CKST0603-1.5uHM,1,1u8,
L101,1008,1,2u2,
L4,0402,1,27nH,
"Q1, Q2",SOT-23,2,BSS138,
R100,0402,1,100k,
R101,0402,1,49k,
R102,0402,1,13k,
R103,0402,1,180k,
R104,0402,1,33k,
"R105, R200, R25, R26, R27, R402, R405",0402,7,10k,
"R106, R113, R400, R403",0402,4,220k,
R107,0402,1,30k,
"R108, R109",0402,2,5k1,
R110,0402,1,400R,
R111,0402,1,540R,
"R112, R37",0402,2,120R,
"R114, R401, R404",0402,3,22k,
"R18, R19",0402,2,1k,
"R201, R202",0402,2,0R,
R36,0402,1,100R,
R38,0402,1,270R,
"S3, S4",EVQPUC02K,2,EVQ-PUC02K,
U1,SI4825DDY-T1-GE3,1,SI4825DDY-T1-GE3,
U101,SON65P300X300X100-9N-D,1,TPS2115ADRBR,
U102,SOT95P280X145-5N,1,TLV62566DBVR,
U103,SOT-23,1,AP2127N-1.8,
U11,InvenSense_QFN-24_3x3mm_P0.4mm,1,ICM-20948,
U12,Bosch_LGA-8_2x2.5mm_P0.65mm_ClockwisePinNumbering,1,BMP280,
U13,ublox_MAX,1,MAX-M10S,
U2,HOPERF_RFM9XW_SMD,1,RFM95W-868S2,
U200,ESP32-S3-WROOM-1,1,ESP32-S3-WROOM-1,
U201,SOT-23-6,1,USBLC6-2SC6,
U3,QFN45P300X300X100-21N-D,1,TPS56C230RJER,
U400,SOIC127P600X170-8N,1,DMN6040SSD-13,
